Country Name,Year,GDP
Aruba,1994,1330167598
Aruba,1995,1320670391
Aruba,1996,1379888268
Aruba,1997,1531843575
Aruba,1998,1665363128
Aruba,1999,1722798883
Aruba,2000,1873452514
Aruba,2001,1920262570
Aruba,2002,1941094972
Aruba,2003,2021301676
Aruba,2004,2228279330
Aruba,2005,2331005587
Aruba,2006,2421474860
Aruba,2007,2623726257
Aruba,2008,2791960894
Aruba,2009,2498932961
Aruba,2010,2467703911
Aruba,2011,2584463687
Australia,1960,18593347519
Australia,1961,19666256020
Australia,1962,19911524247
Australia,1963,21527606675
Australia,1964,23787658192
Australia,1965,25962593795
Australia,1966,27288610147
Australia,1967,30421099787
Australia,1968,32687870982
Australia,1969,36659200358
Australia,1970,41304737373
Australia,1971,45183111211
Australia,1972,52003504673
Australia,1973,63782190903
Australia,1974,88906411201
Australia,1975,97226546497
Australia,1976,1.05E+11
Australia,1977,1.10E+11
Australia,1978,1.18E+11
Australia,1979,1.35E+11
Australia,1980,1.50E+11
Australia,1981,1.77E+11
Australia,1982,1.94E+11
Australia,1983,1.77E+11
Australia,1984,1.94E+11
Australia,1985,1.80E+11
Australia,1986,1.82E+11
Australia,1987,1.89E+11
Australia,1988,2.36E+11
Australia,1989,3.00E+11
Australia,1990,3.11E+11
Australia,1991,3.26E+11
Australia,1992,3.26E+11
Australia,1993,3.12E+11
Australia,1994,3.23E+11
Australia,1995,3.68E+11
Australia,1996,4.02E+11
Australia,1997,4.36E+11
Australia,1998,4.00E+11
Australia,1999,3.89E+11
Australia,2000,4.15E+11
Australia,2001,3.79E+11
Australia,2002,3.95E+11
Australia,2003,4.67E+11
Australia,2004,6.13E+11
Australia,2005,6.94E+11
Australia,2006,7.48E+11
Australia,2007,8.54E+11
Australia,2008,1.06E+12
Australia,2009,9.27E+11
Australia,2010,1.14E+12
Australia,2011,1.39E+12
Australia,2012,1.54E+12
Australia,2013,1.57E+12
Australia,2014,1.46E+12
Australia,2015,1.35E+12
Australia,2016,1.20E+12
Bahamas,1960,169803921.6
Bahamas,1961,190098039.2
Bahamas,1962,212254902
Bahamas,1963,237745098
Bahamas,1964,266666666.7
Bahamas,1965,300392156.9
Bahamas,1966,340000000
Bahamas,1967,390196078.4
Bahamas,1968,444901960.8
Bahamas,1969,528137254.9
Bahamas,1970,538423153.7
Bahamas,1971,573400000
Bahamas,1972,590900000
Bahamas,1973,670900000
Bahamas,1974,632400000
Bahamas,1975,596200000
Bahamas,1976,642100000
Bahamas,1977,713000000
Bahamas,1978,832400000
Bahamas,1979,1139800100
Bahamas,1980,1335300000
Bahamas,1981,1426500000
Bahamas,1982,1578300000
Bahamas,1983,1732800000
Bahamas,1984,2041100000
Bahamas,1985,2320699900
Bahamas,1986,2472500000
Bahamas,1987,2713999900
Bahamas,1988,2817900000
Bahamas,1989,3062000000
Bahamas,1990,3166000000
Bahamas,1991,3111160000
Bahamas,1992,3109000000
Bahamas,1993,3092000000
Bahamas,1994,3259000000
Bahamas,1995,3429000000
Bahamas,1996,3609000000
Bahamas,1997,4961119000
Bahamas,1998,5353524000
Bahamas,1999,6019972000
Bahamas,2000,6327552000
Bahamas,2001,6516651000
Bahamas,2002,6957996000
Bahamas,2003,6949317000
Bahamas,2004,7094413000
Bahamas,2005,7706222000
Bahamas,2006,7965588000
Bahamas,2007,8318996000
Bahamas,2008,8247000000
Bahamas,2009,7820000000
Bahamas,2010,7910000000
Bahamas,2011,7890000000
Bahamas,2012,10720500000
Bahamas,2013,10677200000
Bahamas,2014,10843800000
Bahamas,2015,11240000000
Bahamas,2016,11261800000
Belgium,1960,11658722591
Belgium,1961,12400145222
Belgium,1962,13264015675
Belgium,1963,14260017387
Belgium,1964,15960106681
Belgium,1965,17371457608
Belgium,1966,18651883472
Belgium,1967,19992040788
Belgium,1968,21376353113
Belgium,1969,23710735895
Belgium,1970,26849148286
Belgium,1971,29981290025
Belgium,1972,37408591330
Belgium,1973,47999363072
Belgium,1974,56333010460
Belgium,1975,66029748931
Belgium,1976,71494539498
Belgium,1977,83283328419
Belgium,1978,1.02E+11
Belgium,1979,1.17E+11
Belgium,1980,1.28E+11
Belgium,1981,1.05E+11
Belgium,1982,92588895020
Belgium,1983,87650915976
Belgium,1984,83795680815
Belgium,1985,86730038793
Belgium,1986,1.21E+11
Belgium,1987,1.50E+11
Belgium,1988,1.63E+11
Belgium,1989,1.65E+11
Belgium,1990,2.06E+11
Belgium,1991,2.12E+11
Belgium,1992,2.36E+11
Belgium,1993,2.26E+11
Belgium,1994,2.46E+11
Belgium,1995,2.90E+11
Belgium,1996,2.81E+11
Belgium,1997,2.55E+11
Belgium,1998,2.61E+11
Belgium,1999,2.60E+11
Belgium,2000,2.38E+11
Belgium,2001,2.38E+11
Belgium,2002,2.59E+11
Belgium,2003,3.19E+11
Belgium,2004,3.71E+11
Belgium,2005,3.87E+11
Belgium,2006,4.10E+11
Belgium,2007,4.72E+11
Belgium,2008,5.19E+11
Belgium,2009,4.85E+11
Belgium,2010,4.84E+11
Belgium,2011,5.27E+11
Belgium,2012,4.98E+11
Belgium,2013,5.21E+11
Belgium,2014,5.31E+11
Belgium,2015,4.55E+11
Belgium,2016,4.68E+11
Brazil,1960,15165569913
Brazil,1961,15236854859
Brazil,1962,19926293839
Brazil,1963,23021477292
Brazil,1964,21211892260
Brazil,1965,21790035117
Brazil,1966,27062716578
Brazil,1967,30591834054
Brazil,1968,33875881876
Brazil,1969,37458898244
Brazil,1970,42327600098
Brazil,1971,49204456700
Brazil,1972,58539008786
Brazil,1973,79279057731
Brazil,1974,1.05E+11
Brazil,1975,1.24E+11
Brazil,1976,1.53E+11
Brazil,1977,1.76E+11
Brazil,1978,2.01E+11
Brazil,1979,2.25E+11
Brazil,1980,2.35E+11
Brazil,1981,2.64E+11
Brazil,1982,2.82E+11
Brazil,1983,2.03E+11
Brazil,1984,2.09E+11
Brazil,1985,2.23E+11
Brazil,1986,2.68E+11
Brazil,1987,2.94E+11
Brazil,1988,3.30E+11
Brazil,1989,4.26E+11
Brazil,1990,4.62E+11
Brazil,1991,6.03E+11
Brazil,1992,4.01E+11
Brazil,1993,4.38E+11
Brazil,1994,5.58E+11
Brazil,1995,7.86E+11
Brazil,1996,8.50E+11
Brazil,1997,8.83E+11
Brazil,1998,8.64E+11
Brazil,1999,5.99E+11
Brazil,2000,6.55E+11
Brazil,2001,5.59E+11
Brazil,2002,5.08E+11
Brazil,2003,5.58E+11
Brazil,2004,6.69E+11
Brazil,2005,8.92E+11
Brazil,2006,1.11E+12
Brazil,2007,1.40E+12
Brazil,2008,1.70E+12
Brazil,2009,1.67E+12
Brazil,2010,2.21E+12
Brazil,2011,2.62E+12
Brazil,2012,2.47E+12
Brazil,2013,2.47E+12
Brazil,2014,2.46E+12
Brazil,2015,1.80E+12
Brazil,2016,1.80E+12
Cambodia,1960,637142865.7
Cambodia,1961,642857134.3
Cambodia,1962,660000008.6
Cambodia,1963,728571437.1
Cambodia,1964,782857128.6
Cambodia,1965,868571428.6
Cambodia,1966,914285714.3
Cambodia,1967,962857134.3
Cambodia,1968,1065714249
Cambodia,1969,978873232.4
Cambodia,1970,718401157.7
Cambodia,1971,969911421.4
Cambodia,1972,505549441.4
Cambodia,1973,702899156
Cambodia,1974,588443893.7
Cambodia,1993,2533727592
Cambodia,1994,2791435272
Cambodia,1995,3441205693
Cambodia,1996,3506695720
Cambodia,1997,3443413389
Cambodia,1998,3120425503
Cambodia,1999,3517242477
Cambodia,2000,3654031716
Cambodia,2001,3984000517
Cambodia,2002,4284028483
Cambodia,2003,4658246918
Cambodia,2004,5337833248
Cambodia,2005,6293046162
Cambodia,2006,7274595707
Cambodia,2007,8639235842
Cambodia,2008,10351914093
Cambodia,2009,10401851851
Cambodia,2010,11242275199
Cambodia,2011,12829541141
Cambodia,2012,14038383450
Cambodia,2013,15449630419
Cambodia,2014,16777820333
Cambodia,2015,18049954289
Cambodia,2016,20016747754
Canada,1960,41093453545
Canada,1961,40767969454
Canada,1962,41978852041
Canada,1963,44657169109
Canada,1964,48882938810
Canada,1965,53909570342
Canada,1966,60358632035
Canada,1967,64768831262
Canada,1968,70759031842
Canada,1969,77887510242
Canada,1970,87896095224
Canada,1971,99271961478
Canada,1972,1.13E+11
Canada,1973,1.31E+11
Canada,1974,1.60E+11
Canada,1975,1.74E+11
Canada,1976,2.07E+11
Canada,1977,2.12E+11
Canada,1978,2.19E+11
Canada,1979,2.43E+11
Canada,1980,2.74E+11
Canada,1981,3.06E+11
Canada,1982,3.14E+11
Canada,1983,3.41E+11
Canada,1984,3.55E+11
Canada,1985,3.65E+11
Canada,1986,3.77E+11
Canada,1987,4.31E+11
Canada,1988,5.07E+11
Canada,1989,5.65E+11
Canada,1990,5.94E+11
Canada,1991,6.10E+11
Canada,1992,5.92E+11
Canada,1993,5.77E+11
Canada,1994,5.78E+11
Canada,1995,6.04E+11
Canada,1996,6.29E+11
Canada,1997,6.53E+11
Canada,1998,6.32E+11
Canada,1999,6.76E+11
Canada,2000,7.42E+11
Canada,2001,7.36E+11
Canada,2002,7.58E+11
Canada,2003,8.92E+11
Canada,2004,1.02E+12
Canada,2005,1.17E+12
Canada,2006,1.32E+12
Canada,2007,1.46E+12
Canada,2008,1.55E+12
Canada,2009,1.37E+12
Canada,2010,1.61E+12
Canada,2011,1.79E+12
Canada,2012,1.82E+12
Canada,2013,1.84E+12
Canada,2014,1.79E+12
Canada,2015,1.55E+12
Canada,2016,1.53E+12
Chile,1960,4110000000
Chile,1961,4609727273
Chile,1962,5416272727
Chile,1963,5668187500
Chile,1964,5982347826
Chile,1965,6026593750
Chile,1966,7072641026
Chile,1967,7013196078
Chile,1968,7167086957
Chile,1969,8377093023
Chile,1970,9126309735
Chile,1971,10884114754
Chile,1972,11853817308
Chile,1973,16836261173
Chile,1974,16210404184
Chile,1975,7622217352
Chile,1976,10341925249
Chile,1977,13962893422
Chile,1978,15989933708
Chile,1979,21803696985
Chile,1980,29036709872
Chile,1981,34509878044
Chile,1982,25325893206
Chile,1983,20355959237
Chile,1984,19622527480
Chile,1985,17702885394
Chile,1986,18891048819
Chile,1987,22255407685
Chile,1988,26040229793
Chile,1989,29885685143
Chile,1990,33113887818
Chile,1991,37834793730
Chile,1992,45964327559
Chile,1993,49297773130
Chile,1994,57008425296
Chile,1995,73447063319
Chile,1996,78039572222
Chile,1997,84952360922
Chile,1998,81577430181
Chile,1999,75173794497
Chile,2000,77860932152
Chile,2001,70979923960
Chile,2002,69736811435
Chile,2003,75643459840
Chile,2004,99210392858
Chile,2005,1.23E+11
Chile,2006,1.55E+11
Chile,2007,1.74E+11
Chile,2008,1.80E+11
Chile,2009,1.72E+11
Chile,2010,2.19E+11
Chile,2011,2.52E+11
Chile,2012,2.67E+11
Chile,2013,2.78E+11
Chile,2014,2.61E+11
Chile,2015,2.43E+11
Chile,2016,2.47E+11
China,1960,59716467625
China,1961,50056868958
China,1962,47209359006
China,1963,50706799903
China,1964,59708343489
China,1965,70436266147
China,1966,76720285970
China,1967,72881631327
China,1968,70846535056
China,1969,79705906247
China,1970,92602973434
China,1971,99800958648
China,1972,1.14E+11
China,1973,1.39E+11
China,1974,1.44E+11
China,1975,1.63E+11
China,1976,1.54E+11
China,1977,1.75E+11
China,1978,1.50E+11
China,1979,1.78E+11
China,1980,1.91E+11
China,1981,1.96E+11
China,1982,2.05E+11
China,1983,2.31E+11
China,1984,2.60E+11
China,1985,3.09E+11
China,1986,3.01E+11
China,1987,2.73E+11
China,1988,3.12E+11
China,1989,3.48E+11
China,1990,3.61E+11
China,1991,3.83E+11
China,1992,4.27E+11
China,1993,4.45E+11
China,1994,5.64E+11
China,1995,7.35E+11
China,1996,8.64E+11
China,1997,9.62E+11
China,1998,1.03E+12
China,1999,1.09E+12
China,2000,1.21E+12
China,2001,1.34E+12
China,2002,1.47E+12
China,2003,1.66E+12
China,2004,1.96E+12
China,2005,2.29E+12
China,2006,2.75E+12
China,2007,3.55E+12
China,2008,4.60E+12
China,2009,5.11E+12
China,2010,6.10E+12
China,2011,7.57E+12
China,2012,8.56E+12
China,2013,9.61E+12
China,2014,1.05E+13
China,2015,1.11E+13
China,2016,1.12E+13
Czech Republic,1990,40477403220
Czech Republic,1991,29675502270
Czech Republic,1992,34590052812
Czech Republic,1993,40614350197
Czech Republic,1994,47554674591
Czech Republic,1995,59775697061
Czech Republic,1996,66985765439
Czech Republic,1997,61792161168
Czech Republic,1998,66490372105
Czech Republic,1999,64867483193
Czech Republic,2000,61649492817
Czech Republic,2001,67523642262
Czech Republic,2002,81910771994
Czech Republic,2003,99627140274
Czech Republic,2004,1.19E+11
Czech Republic,2005,1.36E+11
Czech Republic,2006,1.55E+11
Czech Republic,2007,1.89E+11
Czech Republic,2008,2.36E+11
Czech Republic,2009,2.06E+11
Czech Republic,2010,2.07E+11
Czech Republic,2011,2.28E+11
Czech Republic,2012,2.07E+11
Czech Republic,2013,2.09E+11
Czech Republic,2014,2.08E+11
Czech Republic,2015,1.87E+11
Czech Republic,2016,1.95E+11
Denmark,1960,6248946880
Denmark,1961,6933842099
Denmark,1962,7812968114
Denmark,1963,8316692386
Denmark,1964,9506678763
Denmark,1965,10678897387
Denmark,1966,11721248101
Denmark,1967,12788479692
Denmark,1968,13196541952
Denmark,1969,15009384585
Denmark,1970,17075466667
Denmark,1971,19085681968
Denmark,1972,23232411898
Denmark,1973,30730638896
Denmark,1974,34160363583
Denmark,1975,40474400473
Denmark,1976,44575847808
Denmark,1977,49784281716
Denmark,1978,60362854967
Denmark,1979,70366280175
Denmark,1980,71127592754
Denmark,1981,61877755005
Denmark,1982,60412846239
Denmark,1983,60644833242
Denmark,1984,59105208273
Denmark,1985,62658544411
Denmark,1986,88078729452
Denmark,1987,1.09E+11
Denmark,1988,1.16E+11
Denmark,1989,1.12E+11
Denmark,1990,1.38E+11
Denmark,1991,1.39E+11
Denmark,1992,1.53E+11
Denmark,1993,1.43E+11
Denmark,1994,1.56E+11
Denmark,1995,1.85E+11
Denmark,1996,1.88E+11
Denmark,1997,1.74E+11
Denmark,1998,1.77E+11
Denmark,1999,1.78E+11
Denmark,2000,1.64E+11
Denmark,2001,1.65E+11
Denmark,2002,1.79E+11
Denmark,2003,2.18E+11
Denmark,2004,2.51E+11
Denmark,2005,2.64E+11
Denmark,2006,2.83E+11
Denmark,2007,3.19E+11
Denmark,2008,3.53E+11
Denmark,2009,3.21E+11
Denmark,2010,3.22E+11
Denmark,2011,3.44E+11
Denmark,2012,3.27E+11
Denmark,2013,3.44E+11
Denmark,2014,3.53E+11
Denmark,2015,3.01E+11
Denmark,2016,3.07E+11
France,1960,62651474947
France,1961,68346741504
France,1962,76313782252
France,1963,85551113767
France,1964,94906593388
France,1965,1.02E+11
France,1966,1.11E+11
France,1967,1.19E+11
France,1968,1.30E+11
France,1969,1.41E+11
France,1970,1.49E+11
France,1971,1.67E+11
France,1972,2.04E+11
France,1973,2.65E+11
France,1974,2.87E+11
France,1975,3.62E+11
France,1976,3.73E+11
France,1977,4.11E+11
France,1978,5.08E+11
France,1979,6.16E+11
France,1980,7.04E+11
France,1981,6.18E+11
France,1982,5.87E+11
France,1983,5.62E+11
France,1984,5.33E+11
France,1985,5.55E+11
France,1986,7.75E+11
France,1987,9.38E+11
France,1988,1.02E+12
France,1989,1.03E+12
France,1990,1.28E+12
France,1991,1.28E+12
France,1992,1.41E+12
France,1993,1.33E+12
France,1994,1.40E+12
France,1995,1.61E+12
France,1996,1.61E+12
France,1997,1.46E+12
France,1998,1.51E+12
France,1999,1.50E+12
France,2000,1.37E+12
France,2001,1.38E+12
France,2002,1.50E+12
France,2003,1.85E+12
France,2004,2.12E+12
France,2005,2.20E+12
France,2006,2.33E+12
France,2007,2.66E+12
France,2008,2.92E+12
France,2009,2.69E+12
France,2010,2.65E+12
France,2011,2.86E+12
France,2012,2.68E+12
France,2013,2.81E+12
France,2014,2.85E+12
France,2015,2.43E+12
France,2016,2.47E+12
Georgia,1990,7753501868
Georgia,1991,6357615894
Georgia,1992,3690328964
Georgia,1993,2701181331
Georgia,1994,2513870587
Georgia,1995,2693731866
Georgia,1996,3094915506
Georgia,1997,3510540809
Georgia,1998,3613500117
Georgia,1999,2800024314
Georgia,2000,3057453483
Georgia,2001,3219487825
Georgia,2002,3395778674
Georgia,2003,3991374549
Georgia,2004,5125273881
Georgia,2005,6410941013
Georgia,2006,7745406201
Georgia,2007,10172869680
Georgia,2008,12795044473
Georgia,2009,10766809099
Georgia,2010,11638536834
Georgia,2011,14434619982
Georgia,2012,15846474596
Georgia,2013,16140047012
Georgia,2014,16509305828
Georgia,2015,13993546732
Georgia,2016,14378016729
Germany,1970,2.15E+11
Germany,1971,2.49E+11
Germany,1972,2.99E+11
Germany,1973,3.97E+11
Germany,1974,4.44E+11
Germany,1975,4.89E+11
Germany,1976,5.18E+11
Germany,1977,5.98E+11
Germany,1978,7.38E+11
Germany,1979,8.78E+11
Germany,1980,9.47E+11
Germany,1981,7.97E+11
Germany,1982,7.74E+11
Germany,1983,7.68E+11
Germany,1984,7.22E+11
Germany,1985,7.30E+11
Germany,1986,1.04E+12
Germany,1987,1.29E+12
Germany,1988,1.40E+12
Germany,1989,1.39E+12
Germany,1990,1.76E+12
Germany,1991,1.86E+12
Germany,1992,2.12E+12
Germany,1993,2.07E+12
Germany,1994,2.21E+12
Germany,1995,2.59E+12
Germany,1996,2.50E+12
Germany,1997,2.22E+12
Germany,1998,2.24E+12
Germany,1999,2.20E+12
Germany,2000,1.95E+12
Germany,2001,1.95E+12
Germany,2002,2.08E+12
Germany,2003,2.51E+12
Germany,2004,2.82E+12
Germany,2005,2.86E+12
Germany,2006,3.00E+12
Germany,2007,3.44E+12
Germany,2008,3.75E+12
Germany,2009,3.42E+12
Germany,2010,3.42E+12
Germany,2011,3.76E+12
Germany,2012,3.54E+12
Germany,2013,3.75E+12
Germany,2014,3.89E+12
Germany,2015,3.38E+12
Germany,2016,3.48E+12
Hong Kong,1960,1320796652
Hong Kong,1961,1383681651
Hong Kong,1962,1612346412
Hong Kong,1963,1935298266
Hong Kong,1964,2206466461
Hong Kong,1965,2435078534
Hong Kong,1966,2489845017
Hong Kong,1967,2692474989
Hong Kong,1968,2716964388
Hong Kong,1969,3189740055
Hong Kong,1970,3800766536
Hong Kong,1971,4476001946
Hong Kong,1972,5710107420
Hong Kong,1973,8030117556
Hong Kong,1974,9388663646
Hong Kong,1975,10048022370
Hong Kong,1976,12876366009
Hong Kong,1977,15719433719
Hong Kong,1978,18315007366
Hong Kong,1979,22526035941
Hong Kong,1980,28861759209
Hong Kong,1981,31055409443
Hong Kong,1982,32291306282
Hong Kong,1983,29907091340
Hong Kong,1984,33511383986
Hong Kong,1985,35699543051
Hong Kong,1986,41075570592
Hong Kong,1987,50622571586
Hong Kong,1988,59707404561
Hong Kong,1989,68790369107
Hong Kong,1990,76928290842
Hong Kong,1991,88959620136
Hong Kong,1992,1.04E+11
Hong Kong,1993,1.20E+11
Hong Kong,1994,1.36E+11
Hong Kong,1995,1.45E+11
Hong Kong,1996,1.60E+11
Hong Kong,1997,1.77E+11
Hong Kong,1998,1.69E+11
Hong Kong,1999,1.66E+11
Hong Kong,2000,1.72E+11
Hong Kong,2001,1.69E+11
Hong Kong,2002,1.66E+11
Hong Kong,2003,1.61E+11
Hong Kong,2004,1.69E+11
Hong Kong,2005,1.82E+11
Hong Kong,2006,1.94E+11
Hong Kong,2007,2.12E+11
Hong Kong,2008,2.19E+11
Hong Kong,2009,2.14E+11
Hong Kong,2010,2.29E+11
Hong Kong,2011,2.49E+11
Hong Kong,2012,2.63E+11
Hong Kong,2013,2.76E+11
Hong Kong,2014,2.91E+11
Hong Kong,2015,3.09E+11
Hong Kong,2016,3.21E+11
Hungary,1991,34748508332
Hungary,1992,38724945368
Hungary,1993,40119073326
Hungary,1994,43160392124
Hungary,1995,46418916500
Hungary,1996,46659796773
Hungary,1997,47290180589
Hungary,1998,48770466839
Hungary,1999,49170434391
Hungary,2000,47310623887
Hungary,2001,53821315066
Hungary,2002,67716887203
Hungary,2003,85324771841
Hungary,2004,1.04E+11
Hungary,2005,1.13E+11
Hungary,2006,1.15E+11
Hungary,2007,1.40E+11
Hungary,2008,1.58E+11
Hungary,2009,1.31E+11
Hungary,2010,1.31E+11
Hungary,2011,1.41E+11
Hungary,2012,1.28E+11
Hungary,2013,1.35E+11
Hungary,2014,1.40E+11
Hungary,2015,1.23E+11
Hungary,2016,1.26E+11
India,1960,36535925030
India,1961,38709096075
India,1962,41599070245
India,1963,47776000903
India,1964,55726873076
India,1965,58760424675
India,1966,45253641300
India,1967,49466168893
India,1968,52377324280
India,1969,57668330027
India,1970,61589800520
India,1971,66452561868
India,1972,70509913047
India,1973,84374541625
India,1974,98198276857
India,1975,97159222028
India,1976,1.01E+11
India,1977,1.20E+11
India,1978,1.35E+11
India,1979,1.51E+11
India,1980,1.84E+11
India,1981,1.91E+11
India,1982,1.98E+11
India,1983,2.15E+11
India,1984,2.09E+11
India,1985,2.29E+11
India,1986,2.46E+11
India,1987,2.75E+11
India,1988,2.93E+11
India,1989,2.92E+11
India,1990,3.17E+11
India,1991,2.67E+11
India,1992,2.84E+11
India,1993,2.76E+11
India,1994,3.23E+11
India,1995,3.55E+11
India,1996,3.88E+11
India,1997,4.10E+11
India,1998,4.16E+11
India,1999,4.53E+11
India,2000,4.62E+11
India,2001,4.79E+11
India,2002,5.08E+11
India,2003,6.00E+11
India,2004,7.00E+11
India,2005,8.09E+11
India,2006,9.20E+11
India,2007,1.20E+12
India,2008,1.19E+12
India,2009,1.32E+12
India,2010,1.66E+12
India,2011,1.82E+12
India,2012,1.83E+12
India,2013,1.86E+12
India,2014,2.04E+12
India,2015,2.09E+12
India,2016,2.26E+12
Ireland,1960,1939329775
Ireland,1961,2088012282
Ireland,1962,2260349684
Ireland,1963,2430843768
Ireland,1964,2766608946
Ireland,1965,2945704143
Ireland,1966,3104034393
Ireland,1967,3343636773
Ireland,1968,3278584478
Ireland,1969,3787077344
Ireland,1970,4401259497
Ireland,1971,5104355309
Ireland,1972,6325627655
Ireland,1973,7490132356
Ireland,1974,7906317069
Ireland,1975,9495165854
Ireland,1976,9465078121
Ireland,1977,11261810826
Ireland,1978,14665538206
Ireland,1979,18341273533
Ireland,1980,21773901117
Ireland,1981,20694944226
Ireland,1982,21500471496
Ireland,1983,20790917197
Ireland,1984,20130728274
Ireland,1985,21295485883
Ireland,1986,28748959729
Ireland,1987,33961141503
Ireland,1988,37818133413
Ireland,1989,39285384083
Ireland,1990,49364680083
Ireland,1991,49847127266
Ireland,1992,55985505159
Ireland,1993,52480251890
Ireland,1994,57166035689
Ireland,1995,69222624495
Ireland,1996,75880630040
Ireland,1997,82826141714
Ireland,1998,90082029831
Ireland,1999,98691939591
Ireland,2000,99853528745
Ireland,2001,1.09E+11
Ireland,2002,1.28E+11
Ireland,2003,1.64E+11
Ireland,2004,1.94E+11
Ireland,2005,2.12E+11
Ireland,2006,2.32E+11
Ireland,2007,2.70E+11
Ireland,2008,2.75E+11
Ireland,2009,2.36E+11
Ireland,2010,2.22E+11
Ireland,2011,2.39E+11
Ireland,2012,2.26E+11
Ireland,2013,2.39E+11
Ireland,2014,2.58E+11
Ireland,2015,2.91E+11
Ireland,2016,3.05E+11
Israel,1960,2598500000
Israel,1961,3138500000
Israel,1962,2510000000
Israel,1963,2992333333
Israel,1964,3405333333
Israel,1965,3663333333
Israel,1966,3980000000
Israel,1967,4030000000
Israel,1968,4619000000
Israel,1969,5329333333
Israel,1970,7045666667
Israel,1971,6709000000
Israel,1972,8771500000
Israel,1973,11321750000
Israel,1974,16334250000
Israel,1975,15353833333
Israel,1976,15176875000
Israel,1977,17365700000
Israel,1978,16836235294
Israel,1979,21505200000
Israel,1980,24154568627
Israel,1981,25568701754
Israel,1982,27826057613
Israel,1983,31079439502
Israel,1984,29148462483
Israel,1985,27493591484
Israel,1986,34083532195
Israel,1987,40946424370
Israel,1988,50078767903
Israel,1989,49881433991
Israel,1990,58986997917
Israel,1991,67530220219
Israel,1992,75575902932
Israel,1993,75954641355
Israel,1994,86307135997
Israel,1995,1.00E+11
Israel,1996,1.10E+11
Israel,1997,1.15E+11
Israel,1998,1.16E+11
Israel,1999,1.17E+11
Israel,2000,1.32E+11
Israel,2001,1.31E+11
Israel,2002,1.21E+11
Israel,2003,1.27E+11
Israel,2004,1.35E+11
Israel,2005,1.42E+11
Israel,2006,1.54E+11
Israel,2007,1.79E+11
Israel,2008,2.16E+11
Israel,2009,2.07E+11
Israel,2010,2.34E+11
Israel,2011,2.62E+11
Israel,2012,2.57E+11
Israel,2013,2.92E+11
Israel,2014,3.08E+11
Israel,2015,2.99E+11
Israel,2016,3.18E+11
Italy,1960,40385288344
Italy,1961,44842760293
Italy,1962,50383891899
Italy,1963,57710743060
Italy,1964,63175417019
Italy,1965,67978153851
Italy,1966,73654870011
Italy,1967,81133120065
Italy,1968,87942231678
Italy,1969,97085082807
Italy,1970,1.13E+11
Italy,1971,1.24E+11
Italy,1972,1.45E+11
Italy,1973,1.75E+11
Italy,1974,1.99E+11
Italy,1975,2.27E+11
Italy,1976,2.24E+11
Italy,1977,2.57E+11
Italy,1978,3.14E+11
Italy,1979,3.92E+11
Italy,1980,4.76E+11
Italy,1981,4.29E+11
Italy,1982,4.26E+11
Italy,1983,4.42E+11
Italy,1984,4.36E+11
Italy,1985,4.51E+11
Italy,1986,6.38E+11
Italy,1987,8.03E+11
Italy,1988,8.89E+11
Italy,1989,9.26E+11
Italy,1990,1.18E+12
Italy,1991,1.24E+12
Italy,1992,1.32E+12
Italy,1993,1.06E+12
Italy,1994,1.10E+12
Italy,1995,1.17E+12
Italy,1996,1.31E+12
Italy,1997,1.24E+12
Italy,1998,1.27E+12
Italy,1999,1.25E+12
Italy,2000,1.14E+12
Italy,2001,1.16E+12
Italy,2002,1.27E+12
Italy,2003,1.57E+12
Italy,2004,1.80E+12
Italy,2005,1.85E+12
Italy,2006,1.94E+12
Italy,2007,2.20E+12
Italy,2008,2.39E+12
Italy,2009,2.19E+12
Italy,2010,2.13E+12
Italy,2011,2.28E+12
Italy,2012,2.07E+12
Italy,2013,2.13E+12
Italy,2014,2.15E+12
Italy,2015,1.83E+12
Italy,2016,1.86E+12
Japan,1960,44307342950
Japan,1961,53508617739
Japan,1962,60723018684
Japan,1963,69498131797
Japan,1964,81749006382
Japan,1965,90950278258
Japan,1966,1.06E+11
Japan,1967,1.24E+11
Japan,1968,1.47E+11
Japan,1969,1.72E+11
Japan,1970,2.12E+11
Japan,1971,2.39E+11
Japan,1972,3.16E+11
Japan,1973,4.30E+11
Japan,1974,4.77E+11
Japan,1975,5.19E+11
Japan,1976,5.83E+11
Japan,1977,7.18E+11
Japan,1978,1.01E+12
Japan,1979,1.05E+12
Japan,1980,1.10E+12
Japan,1981,1.22E+12
Japan,1982,1.13E+12
Japan,1983,1.23E+12
Japan,1984,1.31E+12
Japan,1985,1.40E+12
Japan,1986,2.08E+12
Japan,1987,2.51E+12
Japan,1988,3.05E+12
Japan,1989,3.05E+12
Japan,1990,3.14E+12
Japan,1991,3.58E+12
Japan,1992,3.90E+12
Japan,1993,4.47E+12
Japan,1994,4.91E+12
Japan,1995,5.45E+12
Japan,1996,4.83E+12
Japan,1997,4.41E+12
Japan,1998,4.03E+12
Japan,1999,4.56E+12
Japan,2000,4.89E+12
Japan,2001,4.30E+12
Japan,2002,4.12E+12
Japan,2003,4.45E+12
Japan,2004,4.82E+12
Japan,2005,4.76E+12
Japan,2006,4.53E+12
Japan,2007,4.52E+12
Japan,2008,5.04E+12
Japan,2009,5.23E+12
Japan,2010,5.70E+12
Japan,2011,6.16E+12
Japan,2012,6.20E+12
Japan,2013,5.16E+12
Japan,2014,4.85E+12
Japan,2015,4.38E+12
Japan,2016,4.94E+12
Libya,1990,28901836158
Libya,1991,31995012469
Libya,1992,33881392045
Libya,1993,30657030223
Libya,1994,28607921929
Libya,1995,25544128199
Libya,1996,27884615385
Libya,1997,30698633109
Libya,1998,27249786142
Libya,1999,35976714101
Libya,2000,38270206950
Libya,2001,34110064452
Libya,2002,20481889764
Libya,2003,26265625000
Libya,2004,33122307692
Libya,2005,47334148578
Libya,2006,54961936663
Libya,2007,67516236338
Libya,2008,87140405361
Libya,2009,63028320702
Libya,2010,74773444901
Libya,2011,34699395524
Mexico,1960,13056168000
Mexico,1961,14153952000
Mexico,1962,15221056000
Mexico,1963,16936336000
Mexico,1964,20070136000
Mexico,1965,21829712000
Mexico,1966,24337232000
Mexico,1967,26556376000
Mexico,1968,29363632000
Mexico,1969,32515752000
Mexico,1970,35541712000
Mexico,1971,39200880000
Mexico,1972,45178120000
Mexico,1973,55271304000
Mexico,1974,71976544000
Mexico,1975,88003984000
Mexico,1976,89023915584
Mexico,1977,81825783186
Mexico,1978,1.03E+11
Mexico,1979,1.35E+11
Mexico,1980,1.94E+11
Mexico,1981,2.50E+11
Mexico,1982,1.74E+11
Mexico,1983,1.49E+11
Mexico,1984,1.76E+11
Mexico,1985,1.84E+11
Mexico,1986,1.29E+11
Mexico,1987,1.40E+11
Mexico,1988,1.83E+11
Mexico,1989,2.23E+11
Mexico,1990,2.63E+11
Mexico,1991,3.14E+11
Mexico,1992,3.64E+11
Mexico,1993,5.04E+11
Mexico,1994,5.27E+11
Mexico,1995,3.44E+11
Mexico,1996,3.97E+11
Mexico,1997,4.81E+11
Mexico,1998,5.02E+11
Mexico,1999,5.79E+11
Mexico,2000,6.84E+11
Mexico,2001,7.25E+11
Mexico,2002,7.42E+11
Mexico,2003,7.13E+11
Mexico,2004,7.70E+11
Mexico,2005,8.66E+11
Mexico,2006,9.65E+11
Mexico,2007,1.04E+12
Mexico,2008,1.10E+12
Mexico,2009,8.95E+11
Mexico,2010,1.05E+12
Mexico,2011,1.17E+12
Mexico,2012,1.19E+12
Mexico,2013,1.26E+12
Mexico,2014,1.30E+12
Mexico,2015,1.15E+12
Mexico,2016,1.05E+12
Netherlands,1960,12276734172
Netherlands,1961,13493833740
Netherlands,1962,14647057370
Netherlands,1963,15891241386
Netherlands,1964,18699380731
Netherlands,1965,21000586933
Netherlands,1966,22867203317
Netherlands,1967,25087562181
Netherlands,1968,27817605743
Netherlands,1969,31503868835
Netherlands,1970,37677621538
Netherlands,1971,44010160464
Netherlands,1972,54008338918
Netherlands,1973,70924006306
Netherlands,1974,86129928027
Netherlands,1975,98970041042
Netherlands,1976,1.08E+11
Netherlands,1977,1.25E+11
Netherlands,1978,1.54E+11
Netherlands,1979,1.77E+11
Netherlands,1980,1.93E+11
Netherlands,1981,1.62E+11
Netherlands,1982,1.56E+11
Netherlands,1983,1.51E+11
Netherlands,1984,1.42E+11
Netherlands,1985,1.42E+11
Netherlands,1986,1.98E+11
Netherlands,1987,2.42E+11
Netherlands,1988,2.59E+11
Netherlands,1989,2.55E+11
Netherlands,1990,3.14E+11
Netherlands,1991,3.23E+11
Netherlands,1992,3.58E+11
Netherlands,1993,3.49E+11
Netherlands,1994,3.74E+11
Netherlands,1995,4.47E+11
Netherlands,1996,4.46E+11
Netherlands,1997,4.12E+11
Netherlands,1998,4.32E+11
Netherlands,1999,4.42E+11
Netherlands,2000,4.13E+11
Netherlands,2001,4.27E+11
Netherlands,2002,4.65E+11
Netherlands,2003,5.72E+11
Netherlands,2004,6.51E+11
Netherlands,2005,6.79E+11
Netherlands,2006,7.27E+11
Netherlands,2007,8.39E+11
Netherlands,2008,9.36E+11
Netherlands,2009,8.58E+11
Netherlands,2010,8.36E+11
Netherlands,2011,8.94E+11
Netherlands,2012,8.29E+11
Netherlands,2013,8.67E+11
Netherlands,2014,8.80E+11
Netherlands,2015,7.58E+11
Netherlands,2016,7.77E+11
New Zealand,1960,5485854792
New Zealand,1961,5670064168
New Zealand,1962,6077496268
New Zealand,1963,6638937283
New Zealand,1964,7274144351
New Zealand,1965,5654463586
New Zealand,1966,5863733231
New Zealand,1967,5961418094
New Zealand,1968,5180597621
New Zealand,1969,5761588762
New Zealand,1971,7912290825
New Zealand,1972,9567331065
New Zealand,1973,12802281898
New Zealand,1974,13940981798
New Zealand,1975,12861983284
New Zealand,1976,13604832424
New Zealand,1977,15446825318
New Zealand,1978,18530518395
New Zealand,1979,20730241410
New Zealand,1980,23245512449
New Zealand,1981,24417617184
New Zealand,1982,24164603059
New Zealand,1983,24308622503
New Zealand,1984,21665456808
New Zealand,1985,24680306905
New Zealand,1986,30605196451
New Zealand,1987,40377592077
New Zealand,1988,45176167472
New Zealand,1989,43920222525
New Zealand,1990,45495727007
New Zealand,1991,42745329732
New Zealand,1992,41649298171
New Zealand,1993,46775067751
New Zealand,1994,55315342817
New Zealand,1995,63918703507
New Zealand,1996,70140835299
New Zealand,1997,66074513018
New Zealand,1998,56227169851
New Zealand,1999,58761741658
New Zealand,2000,52623281957
New Zealand,2001,53872425917
New Zealand,2002,66628222189
New Zealand,2003,88250885550
New Zealand,2004,1.04E+11
New Zealand,2005,1.15E+11
New Zealand,2006,1.12E+11
New Zealand,2007,1.37E+11
New Zealand,2008,1.33E+11
New Zealand,2009,1.21E+11
New Zealand,2010,1.47E+11
New Zealand,2011,1.68E+11
New Zealand,2012,1.76E+11
New Zealand,2013,1.91E+11
New Zealand,2014,2.01E+11
New Zealand,2015,1.76E+11
New Zealand,2016,1.85E+11
Norway,1960,5163271598
Norway,1961,5632460937
Norway,1962,6066976683
Norway,1963,6510239503
Norway,1964,7159202706
Norway,1965,8058681060
Norway,1966,8696460205
Norway,1967,9514496703
Norway,1968,10159934137
Norway,1969,11063065083
Norway,1970,12814123115
Norway,1971,14583114840
Norway,1972,17358610850
Norway,1973,22534253703
Norway,1974,27145693810
Norway,1975,32877805200
Norway,1976,35942270686
Norway,1977,41508030431
Norway,1978,46523091010
Norway,1979,53132244624
Norway,1980,64439382896
Norway,1981,63596654761
Norway,1982,62647195538
Norway,1983,61627240831
Norway,1984,62057955033
Norway,1985,65416879914
Norway,1986,78693253276
Norway,1987,94230055659
Norway,1988,1.02E+11
Norway,1989,1.03E+11
Norway,1990,1.20E+11
Norway,1991,1.22E+11
Norway,1992,1.31E+11
Norway,1993,1.21E+11
Norway,1994,1.27E+11
Norway,1995,1.52E+11
Norway,1996,1.64E+11
Norway,1997,1.61E+11
Norway,1998,1.54E+11
Norway,1999,1.62E+11
Norway,2000,1.71E+11
Norway,2001,1.74E+11
Norway,2002,1.95E+11
Norway,2003,2.29E+11
Norway,2004,2.64E+11
Norway,2005,3.09E+11
Norway,2006,3.45E+11
Norway,2007,4.01E+11
Norway,2008,4.63E+11
Norway,2009,3.87E+11
Norway,2010,4.29E+11
Norway,2011,4.99E+11
Norway,2012,5.10E+11
Norway,2013,5.24E+11
Norway,2014,4.99E+11
Norway,2015,3.87E+11
Norway,2016,3.71E+11
Peru,1960,2571908062
Peru,1961,2899654840
Peru,1962,3286773188
Peru,1963,3600957771
Peru,1964,4356913870
Peru,1965,5166861068
Peru,1966,6113607728
Peru,1967,6204253759
Peru,1968,5736083835
Peru,1969,6420909790
Peru,1970,7432223177
Peru,1971,8289582884
Peru,1972,9189413409
Peru,1973,10994381895
Peru,1974,13858441211
Peru,1975,16877163792
Peru,1976,15947709380
Peru,1977,14620386674
Peru,1978,12495779622
Peru,1979,15962459447
Peru,1980,18134029180
Peru,1981,21649137620
Peru,1982,21793496819
Peru,1983,17345624454
Peru,1984,17599660054
Peru,1985,16548827018
Peru,1986,15244232958
Peru,1987,20702298397
Peru,1988,15439408447
Peru,1989,22499559086
Peru,1990,26410386669
Peru,1991,34672122381
Peru,1992,36139225288
Peru,1993,35158109999
Peru,1994,44882079767
Peru,1995,53312793687
Peru,1996,55252414130
Peru,1997,58147522523
Peru,1998,55501467877
Peru,1999,50187324568
Peru,2000,51744749133
Peru,2001,52030158775
Peru,2002,54777553515
Peru,2003,58731030122
Peru,2004,66768703498
Peru,2005,76060606061
Peru,2006,88643193062
Peru,2007,1.02E+11
Peru,2008,1.21E+11
Peru,2009,1.21E+11
Peru,2010,1.48E+11
Peru,2011,1.72E+11
Peru,2012,1.93E+11
Peru,2013,2.01E+11
Peru,2014,2.01E+11
Peru,2015,1.89E+11
Peru,2016,1.92E+11
Poland,1990,65977749038
Poland,1991,85500935935
Poland,1992,94337050693
Poland,1993,96045645026
Poland,1994,1.11E+11
Poland,1995,1.42E+11
Poland,1996,1.60E+11
Poland,1997,1.59E+11
Poland,1998,1.74E+11
Poland,1999,1.70E+11
Poland,2000,1.72E+11
Poland,2001,1.91E+11
Poland,2002,1.99E+11
Poland,2003,2.18E+11
Poland,2004,2.55E+11
Poland,2005,3.06E+11
Poland,2006,3.45E+11
Poland,2007,4.29E+11
Poland,2008,5.34E+11
Poland,2009,4.40E+11
Poland,2010,4.79E+11
Poland,2011,5.29E+11
Poland,2012,5.00E+11
Poland,2013,5.24E+11
Poland,2014,5.45E+11
Poland,2015,4.77E+11
Poland,2016,4.71E+11
Romania,1987,38413636364
Romania,1988,40809523810
Romania,1989,42105263158
Romania,1990,38995454545
Romania,1991,28998684211
Romania,1992,25121666667
Romania,1993,26362894737
Romania,1994,30074440483
Romania,1995,37662075750
Romania,1996,37182938696
Romania,1997,35838588170
Romania,1998,41976002704
Romania,1999,36183003978
Romania,2000,37438527800
Romania,2001,40716836998
Romania,2002,46174557556
Romania,2003,59867801205
Romania,2004,76216441462
Romania,2005,99697566668
Romania,2006,1.24E+11
Romania,2007,1.72E+11
Romania,2008,2.08E+11
Romania,2009,1.67E+11
Romania,2010,1.68E+11
Romania,2011,1.85E+11
Romania,2012,1.72E+11
Romania,2013,1.92E+11
Romania,2014,1.99E+11
Romania,2015,1.78E+11
Romania,2016,1.88E+11
Russia,1989,5.07E+11
Russia,1990,5.17E+11
Russia,1991,5.18E+11
Russia,1992,4.60E+11
Russia,1993,4.35E+11
Russia,1994,3.95E+11
Russia,1995,3.96E+11
Russia,1996,3.92E+11
Russia,1997,4.05E+11
Russia,1998,2.71E+11
Russia,1999,1.96E+11
Russia,2000,2.60E+11
Russia,2001,3.07E+11
Russia,2002,3.45E+11
Russia,2003,4.30E+11
Russia,2004,5.91E+11
Russia,2005,7.64E+11
Russia,2006,9.90E+11
Russia,2007,1.30E+12
Russia,2008,1.66E+12
Russia,2009,1.22E+12
Russia,2010,1.52E+12
Russia,2011,2.05E+12
Russia,2012,2.21E+12
Russia,2013,2.30E+12
Russia,2014,2.06E+12
Russia,2015,1.37E+12
Russia,2016,1.28E+12
South Africa,1960,7575248495
South Africa,1961,7972840543
South Africa,1962,8497830043
South Africa,1963,9423211536
South Africa,1964,10373792524
South Africa,1965,11334173317
South Africa,1966,12354752905
South Africa,1967,13777124458
South Africa,1968,14894302114
South Africa,1969,16780064399
South Africa,1970,18418031639
South Africa,1971,20334172260
South Africa,1972,21358137115
South Africa,1973,29293948127
South Africa,1974,36806475350
South Africa,1975,38114942529
South Africa,1976,36601885925
South Africa,1977,40649724011
South Africa,1978,46737580497
South Africa,1979,57647268409
South Africa,1980,82984078069
South Africa,1981,89629496833
South Africa,1982,82696902010
South Africa,1983,88786580363
South Africa,1984,87880468269
South Africa,1985,69208451593
South Africa,1986,82107924006
South Africa,1987,1.07E+11
South Africa,1988,1.18E+11
South Africa,1989,1.29E+11
South Africa,1990,1.16E+11
South Africa,1991,1.24E+11
South Africa,1992,1.35E+11
South Africa,1993,1.34E+11
South Africa,1994,1.40E+11
South Africa,1995,1.55E+11
South Africa,1996,1.48E+11
South Africa,1997,1.53E+11
South Africa,1998,1.38E+11
South Africa,1999,1.37E+11
South Africa,2000,1.36E+11
South Africa,2001,1.22E+11
South Africa,2002,1.16E+11
South Africa,2003,1.75E+11
South Africa,2004,2.29E+11
South Africa,2005,2.58E+11
South Africa,2006,2.72E+11
South Africa,2007,2.99E+11
South Africa,2008,2.87E+11
South Africa,2009,2.97E+11
South Africa,2010,3.75E+11
South Africa,2011,4.17E+11
South Africa,2012,3.96E+11
South Africa,2013,3.67E+11
South Africa,2014,3.51E+11
South Africa,2015,3.18E+11
South Africa,2016,2.95E+11
South Korea,1960,3957873926
South Korea,1961,2417237754
South Korea,1962,2813933900
South Korea,1963,3988246109
South Korea,1964,3458518494
South Korea,1965,3120307808
South Korea,1966,3928171298
South Korea,1967,4854576371
South Korea,1968,6117260076
South Korea,1969,7675805108
South Korea,1970,8999227202
South Korea,1971,9889961112
South Korea,1972,10842220469
South Korea,1973,13841885921
South Korea,1974,19482038223
South Korea,1975,21704752066
South Korea,1976,29779338843
South Korea,1977,38265082645
South Korea,1978,51700619835
South Korea,1979,66567975207
South Korea,1980,64980820835
South Korea,1981,72425590649
South Korea,1982,77773431088
South Korea,1983,87024427973
South Korea,1984,96597434180
South Korea,1985,1.00E+11
South Korea,1986,1.16E+11
South Korea,1987,1.46E+11
South Korea,1988,1.97E+11
South Korea,1989,2.44E+11
South Korea,1990,2.79E+11
South Korea,1991,3.26E+11
South Korea,1992,3.50E+11
South Korea,1993,3.86E+11
South Korea,1994,4.56E+11
South Korea,1995,5.56E+11
South Korea,1996,5.98E+11
South Korea,1997,5.58E+11
South Korea,1998,3.74E+11
South Korea,1999,4.85E+11
South Korea,2000,5.62E+11
South Korea,2001,5.33E+11
South Korea,2002,6.09E+11
South Korea,2003,6.81E+11
South Korea,2004,7.65E+11
South Korea,2005,8.98E+11
South Korea,2006,1.01E+12
South Korea,2007,1.12E+12
South Korea,2008,1.00E+12
South Korea,2009,9.02E+11
South Korea,2010,1.09E+12
South Korea,2011,1.20E+12
South Korea,2012,1.22E+12
South Korea,2013,1.31E+12
South Korea,2014,1.41E+12
South Korea,2015,1.38E+12
South Korea,2016,1.41E+12
Spain,1960,12072126075
Spain,1961,13834300571
Spain,1962,16138545209
Spain,1963,19074913948
Spain,1964,21343844644
Spain,1965,24756958695
Spain,1966,28721062242
Spain,1967,31647119228
Spain,1968,31475548481
Spain,1969,36038711600
Spain,1970,40881655099
Spain,1971,46492797365
Spain,1972,58971806627
Spain,1973,78425934894
Spain,1974,97009800115
Spain,1975,1.14E+11
Spain,1976,1.18E+11
Spain,1977,1.32E+11
Spain,1978,1.60E+11
Spain,1979,2.14E+11
Spain,1980,2.32E+11
Spain,1981,2.02E+11
Spain,1982,1.95E+11
Spain,1983,1.70E+11
Spain,1984,1.72E+11
Spain,1985,1.80E+11
Spain,1986,2.51E+11
Spain,1987,3.18E+11
Spain,1988,3.75E+11
Spain,1989,4.14E+11
Spain,1990,5.35E+11
Spain,1991,5.76E+11
Spain,1992,6.29E+11
Spain,1993,5.24E+11
Spain,1994,5.29E+11
Spain,1995,6.13E+11
Spain,1996,6.41E+11
Spain,1997,5.89E+11
Spain,1998,6.17E+11
Spain,1999,6.33E+11
Spain,2000,5.95E+11
Spain,2001,6.26E+11
Spain,2002,7.05E+11
Spain,2003,9.07E+11
Spain,2004,1.07E+12
Spain,2005,1.16E+12
Spain,2006,1.26E+12
Spain,2007,1.48E+12
Spain,2008,1.64E+12
Spain,2009,1.50E+12
Spain,2010,1.43E+12
Spain,2011,1.49E+12
Spain,2012,1.34E+12
Spain,2013,1.36E+12
Spain,2014,1.38E+12
Spain,2015,1.20E+12
Spain,2016,1.24E+12
Switzerland,1960,9522746719
Switzerland,1961,10712712465
Switzerland,1962,11879982759
Switzerland,1963,13063643796
Switzerland,1964,14480556572
Switzerland,1965,15346741670
Switzerland,1966,16480058705
Switzerland,1967,17740013179
Switzerland,1968,18942729779
Switzerland,1969,20524886616
Switzerland,1980,1.19E+11
Switzerland,1981,1.09E+11
Switzerland,1982,1.12E+11
Switzerland,1983,1.11E+11
Switzerland,1984,1.06E+11
Switzerland,1985,1.08E+11
Switzerland,1986,1.54E+11
Switzerland,1987,1.93E+11
Switzerland,1988,2.09E+11
Switzerland,1989,2.02E+11
Switzerland,1990,2.58E+11
Switzerland,1991,2.61E+11
Switzerland,1992,2.72E+11
Switzerland,1993,2.64E+11
Switzerland,1994,2.93E+11
Switzerland,1995,3.43E+11
Switzerland,1996,3.30E+11
Switzerland,1997,2.87E+11
Switzerland,1998,2.95E+11
Switzerland,1999,2.90E+11
Switzerland,2000,2.72E+11
Switzerland,2001,2.79E+11
Switzerland,2002,3.01E+11
Switzerland,2003,3.53E+11
Switzerland,2004,3.94E+11
Switzerland,2005,4.09E+11
Switzerland,2006,4.31E+11
Switzerland,2007,4.80E+11
Switzerland,2008,5.54E+11
Switzerland,2009,5.42E+11
Switzerland,2010,5.84E+11
Switzerland,2011,7.00E+11
Switzerland,2012,6.68E+11
Switzerland,2013,6.89E+11
Switzerland,2014,7.09E+11
Switzerland,2015,6.79E+11
Switzerland,2016,6.69E+11
Thailand,1960,2760747472
Thailand,1961,3034043574
Thailand,1962,3308912797
Thailand,1963,3540403457
Thailand,1964,3889129942
Thailand,1965,4388937649
Thailand,1966,5279230817
Thailand,1967,5638461442
Thailand,1968,6081009428
Thailand,1969,6695336567
Thailand,1970,7086538438
Thailand,1971,7375000024
Thailand,1972,8177884553
Thailand,1973,10838587358
Thailand,1974,13703000530
Thailand,1975,14882747955
Thailand,1976,16985211146
Thailand,1977,19779315170
Thailand,1978,24006570178
Thailand,1979,27371699083
Thailand,1980,32353440727
Thailand,1981,34846107862
Thailand,1982,36589797857
Thailand,1983,40042826244
Thailand,1984,41797592963
Thailand,1985,38900692712
Thailand,1986,43096746122
Thailand,1987,50535438696
Thailand,1988,61667199835
Thailand,1989,72250877410
Thailand,1990,85343063966
Thailand,1991,98234695722
Thailand,1992,1.11E+11
Thailand,1993,1.29E+11
Thailand,1994,1.47E+11
Thailand,1995,1.69E+11
Thailand,1996,1.83E+11
Thailand,1997,1.50E+11
Thailand,1998,1.14E+11
Thailand,1999,1.27E+11
Thailand,2000,1.26E+11
Thailand,2001,1.20E+11
Thailand,2002,1.34E+11
Thailand,2003,1.52E+11
Thailand,2004,1.73E+11
Thailand,2005,1.89E+11
Thailand,2006,2.22E+11
Thailand,2007,2.63E+11
Thailand,2008,2.91E+11
Thailand,2009,2.82E+11
Thailand,2010,3.41E+11
Thailand,2011,3.71E+11
Thailand,2012,3.98E+11
Thailand,2013,4.21E+11
Thailand,2014,4.07E+11
Thailand,2015,3.99E+11
Thailand,2016,4.07E+11
UK,1961,76694360636
UK,1962,80601939635
UK,1963,85443766670
UK,1964,93387598814
UK,1965,1.01E+11
UK,1966,1.07E+11
UK,1967,1.11E+11
UK,1968,1.05E+11
UK,1969,1.13E+11
UK,1970,1.31E+11
UK,1971,1.48E+11
UK,1972,1.70E+11
UK,1973,1.93E+11
UK,1974,2.06E+11
UK,1975,2.42E+11
UK,1976,2.33E+11
UK,1977,2.63E+11
UK,1978,3.36E+11
UK,1979,4.39E+11
UK,1980,5.65E+11
UK,1981,5.41E+11
UK,1982,5.15E+11
UK,1983,4.90E+11
UK,1984,4.61E+11
UK,1985,4.89E+11
UK,1986,6.01E+11
UK,1987,7.45E+11
UK,1988,9.10E+11
UK,1989,9.27E+11
UK,1990,1.09E+12
UK,1991,1.14E+12
UK,1992,1.18E+12
UK,1993,1.06E+12
UK,1994,1.14E+12
UK,1995,1.34E+12
UK,1996,1.41E+12
UK,1997,1.55E+12
UK,1998,1.64E+12
UK,1999,1.67E+12
UK,2000,1.65E+12
UK,2001,1.62E+12
UK,2002,1.77E+12
UK,2003,2.04E+12
UK,2004,2.40E+12
UK,2005,2.52E+12
UK,2006,2.69E+12
UK,2007,3.07E+12
UK,2008,2.89E+12
UK,2009,2.38E+12
UK,2010,2.44E+12
UK,2011,2.62E+12
UK,2012,2.66E+12
UK,2013,2.74E+12
UK,2014,3.02E+12
UK,2015,2.89E+12
UK,2016,2.65E+12
USA,1960,5.43E+11
USA,1961,5.63E+11
USA,1962,6.05E+11
USA,1963,6.39E+11
USA,1964,6.86E+11
USA,1965,7.44E+11
USA,1966,8.15E+11
USA,1967,8.62E+11
USA,1968,9.43E+11
USA,1969,1.02E+12
USA,1970,1.08E+12
USA,1971,1.17E+12
USA,1972,1.28E+12
USA,1973,1.43E+12
USA,1974,1.55E+12
USA,1975,1.69E+12
USA,1976,1.88E+12
USA,1977,2.09E+12
USA,1978,2.36E+12
USA,1979,2.63E+12
USA,1980,2.86E+12
USA,1981,3.21E+12
USA,1982,3.34E+12
USA,1983,3.64E+12
USA,1984,4.04E+12
USA,1985,4.35E+12
USA,1986,4.59E+12
USA,1987,4.87E+12
USA,1988,5.25E+12
USA,1989,5.66E+12
USA,1990,5.98E+12
USA,1991,6.17E+12
USA,1992,6.54E+12
USA,1993,6.88E+12
USA,1994,7.31E+12
USA,1995,7.66E+12
USA,1996,8.10E+12
USA,1997,8.61E+12
USA,1998,9.09E+12
USA,1999,9.66E+12
USA,2000,1.03E+13
USA,2001,1.06E+13
USA,2002,1.10E+13
USA,2003,1.15E+13
USA,2004,1.23E+13
USA,2005,1.31E+13
USA,2006,1.39E+13
USA,2007,1.45E+13
USA,2008,1.47E+13
USA,2009,1.44E+13
USA,2010,1.50E+13
USA,2011,1.55E+13
USA,2012,1.62E+13
USA,2013,1.67E+13
USA,2014,1.74E+13
USA,2015,1.81E+13
USA,2016,1.86E+13
